News Organization,Compound Score,Negative Score,Neutral Score,Positive Score,Tweet Number
@BBC,0.146374,0.04913,0.8525600000000001,0.09831999999999995,49.5
@CBS,0.34651999999999994,0.013720000000000001,0.7982399999999997,0.18805,49.5
@CNN,-0.07757000000000001,0.08663000000000003,0.8589199999999998,0.05447,49.5
@FoxNews,0.057617,0.06273,0.8588300000000001,0.07844999999999998,49.5
@nytimes,-0.042037,0.08228000000000002,0.8553400000000001,0.06237999999999998,49.5
